EntrezID,Name,Young1,Young2,Young3,Old1,Old2,Old3
30972,CG13377,10.26,11.14,10.68,9.71,9.54,9.42
30979,CG3777,4.91,6.65,7.55,2.55,2.51,2.54
30996,CG17778,5.94,6.92,6.83,7.77,8.03,9.16
31025,CG13360,8.25,7.77,8.25,3.18,3.14,3.68
31060,CG11378,8.30,9.02,9.17,9.76,10.12,10.32
31067,CG11381,12.99,12.96,12.83,10.41,6.74,2.21
31080,Tsp2A,10.01,10.10,10.81,13.08,13.16,13.28
31111,Mur2B,11.28,10.95,11.02,6.08,3.35,2.08
31121,CG32809,8.46,8.46,8.21,9.73,9.96,9.73
31168,moody,10.09,10.33,10.52,11.46,11.89,11.87
31195,Nmd3,11.66,11.59,11.83,10.34,10.75,10.32
31218,CG14050,2.03,2.02,2.05,3.45,2.82,4.96
31269,Syx4,9.47,9.86,9.46,11.33,11.50,11.66
31290,rst,8.79,9.28,9.06,10.45,10.40,10.40
31294,Fcp3C,13.56,13.69,13.49,11.62,2.00,6.31
31328,Ilp7,5.08,3.07,2.96,1.90,1.91,1.91
31365,CG15571,12.47,12.99,12.90,10.37,7.28,2.18
31366,CG15570,4.97,5.35,5.15,2.30,2.24,2.16
31368,Muc4B,12.81,12.71,12.44,8.52,2.57,2.05
31394,pon,2.76,2.61,2.46,4.75,3.95,4.59
31457,NAAT1,3.97,4.53,4.17,4.73,6.58,6.09
31461,CG15784,11.01,11.72,11.80,13.97,14.27,14.32
31464,frma,4.83,4.38,4.69,6.29,5.63,6.80
31503,CG3097,7.93,8.38,8.57,9.24,9.23,9.57
31509,CG12239,3.98,4.92,4.96,7.21,7.66,7.68
31526,CG12728,6.26,5.64,6.16,9.93,10.31,10.49
31527,CG6041,4.22,4.37,4.25,8.84,8.92,9.44
31540,Tsp5D,9.56,10.20,10.37,8.03,8.01,8.18
31573,CG3823,4.30,5.63,5.61,2.64,2.57,2.99
31593,Pat1,11.93,12.06,11.76,10.81,10.85,10.89
31641,CG4586,10.78,10.57,10.83,9.43,9.57,9.41
31644,bou,9.23,8.23,8.63,6.89,6.51,6.36
31672,CheA7a,5.84,5.40,5.03,4.30,2.45,3.79
31692,Ir7c,10.69,10.42,10.50,5.74,2.37,2.39
31713,Ubr3,3.74,3.89,3.96,5.36,4.76,5.20
31739,CG17982,3.87,3.09,3.97,4.86,5.48,5.28
31762,ND75,11.62,11.68,11.63,10.56,10.64,10.39
31779,CG15347,10.33,11.14,11.59,13.12,13.46,13.40
31786,Cp7Fc,12.90,13.08,13.20,9.94,5.85,2.19
31792,Nrg,4.89,5.45,5.39,6.26,6.62,6.00
31797,spirit,1.72,1.83,2.16,2.72,4.66,3.62
31798,CG12065,5.32,5.34,5.69,7.07,7.42,7.25
31824,CG10962,9.08,8.78,9.24,10.39,9.70,10.77
31824,CG10962,9.08,8.78,9.24,10.39,9.70,10.77
31831,CG44325,11.30,12.03,11.93,12.61,12.99,12.70
31854,CG12057,11.88,12.32,11.57,6.45,2.21,2.23
31918,CG32695,8.27,8.20,8.28,10.31,10.24,10.54
31920,cg1468,10.86,11.49,12.17,13.19,12.87,13.56
31921,CG9686,2.62,3.67,3.07,5.08,5.92,5.32
31922,CG9689,2.51,2.64,2.77,4.22,5.98,4.78
31923,CG9691,9.04,9.02,8.46,9.75,9.73,10.14
31928,CG1889,3.44,6.16,5.10,2.08,2.24,2.14
31945,Tequila,11.49,11.46,11.33,9.46,8.97,9.33
32002,Rph,3.10,3.17,3.16,5.14,5.72,6.52
32006,CG15211,11.29,11.57,11.19,12.29,12.27,12.49
32040,Vago,10.49,11.58,11.73,13.38,13.74,13.27
32041,CG2076,7.90,8.05,8.05,8.84,9.30,9.04
32043,CG42249,10.64,11.07,10.65,9.34,9.61,9.10
32052,CG15202,7.33,8.42,7.59,5.58,5.27,5.14
32076,CG11752,10.27,10.60,10.04,9.69,9.09,9.13
32090,HP5,5.66,6.52,6.56,7.85,7.39,7.79
32093,Cyp4g15,4.72,5.49,5.23,5.89,6.66,6.21
32099,PGRP-SA,3.95,5.19,8.12,11.02,11.46,11.11
32107,nod,9.10,9.58,9.30,10.10,10.35,10.52
32108,CG1561,8.81,8.79,9.31,6.92,6.91,6.72
32146,CG15739,9.37,9.34,9.76,11.55,11.75,11.83
32176,moon,8.44,8.51,8.12,6.76,6.41,6.41
32191,Pkcdelta,7.20,7.98,7.57,4.31,4.32,4.44
32248,CG12716,10.77,10.80,10.68,5.39,2.45,2.45
32263,MFS10,4.87,5.15,5.96,6.15,6.86,7.16
32264,CG32645,10.29,9.97,9.66,4.98,4.37,2.84
32283,IP3K2,8.70,8.57,8.42,9.45,9.48,9.77
32312,Tango13,5.24,6.13,6.51,7.19,6.89,7.34
32314,up,13.46,13.61,13.53,12.31,11.60,11.60
32326,CG12177,10.44,10.38,10.33,8.31,8.52,8.26
32329,NnaD,9.86,9.92,9.32,6.13,5.43,5.49
32340,rdgB,7.73,9.06,8.33,9.19,9.52,9.58
32361,CG1368,6.72,7.00,6.64,2.60,1.90,1.92
32384,Muc12Ea,11.69,11.49,11.62,6.26,4.21,2.07
32385,CG9400,7.33,8.60,7.28,3.72,3.26,2.73
32387,dpr8,4.21,4.67,3.96,5.16,5.78,5.34
32398,NetA,3.31,3.27,3.07,4.73,5.40,5.57
32401,CG15890,6.63,6.98,6.70,3.94,3.82,3.89
32407,CG14408,3.74,3.93,4.08,4.90,5.17,5.27
32409,CG14410,3.67,2.81,3.24,3.97,5.32,5.50
32420,fiz,8.88,9.10,9.92,8.39,7.56,7.79
32422,CG12398,8.96,9.13,9.96,2.45,2.94,2.24
32434,ND-B18,10.04,10.41,10.46,9.22,9.10,8.55
32495,CG8097,9.69,9.85,9.79,11.03,10.93,11.09
32498,sog,6.30,6.40,6.46,7.06,7.88,7.46
32506,Pis,7.11,7.66,7.41,8.34,8.46,8.58
32531,Rhp,6.66,5.55,6.32,7.22,7.38,7.09
32610,CG4301,2.88,2.80,3.16,4.75,5.74,5.97
32611,Traf-like,10.57,10.75,10.44,11.55,11.75,11.76
32641,CG15865,2.21,2.05,2.29,4.78,6.00,6.04
32648,spheroide,2.36,2.33,2.53,4.74,4.78,5.77
32649,CG9673,9.32,10.40,10.69,11.22,11.43,11.28
32657,CG32572,2.85,3.01,3.28,4.96,5.34,5.68
32675,CG13003,3.93,4.43,3.68,2.83,2.48,2.93
32696,Arpc3B,6.96,8.76,8.89,11.53,12.09,12.15
32698,CG5004,7.19,7.93,7.62,8.94,8.70,9.25
32705,CG5070,2.59,2.15,2.28,6.11,8.51,7.16
32709,CG5162,8.88,8.94,9.01,7.32,7.25,7.59
32710,CG12998,10.46,11.08,11.27,3.80,1.80,1.84
32718,F,6.71,7.91,6.21,4.97,2.91,3.71
32720,CG8661,8.71,8.42,8.26,4.21,3.39,4.49
32739,Corolla,4.52,3.96,3.00,5.66,5.18,5.21
32768,CG6762,2.30,2.40,2.92,4.17,4.46,4.46
32780,Sh,5.05,6.90,6.26,4.25,4.61,4.47
32780,Sh,5.05,6.90,6.26,4.25,4.61,4.47
32780,Sh,5.05,6.90,6.26,4.25,4.61,4.47
32790,RhoGAP16F,5.77,5.24,5.43,7.28,7.39,7.60
32794,wupA,13.82,13.90,13.85,12.81,12.59,12.68
32831,Hayan,3.00,3.75,5.62,8.18,7.64,8.37
32834,CG15044,8.77,9.29,10.28,11.12,11.23,11.13
32835,CG15043,9.71,11.05,11.10,12.85,13.06,12.98
32858,Cyp18a1,10.21,10.36,9.90,9.20,8.75,9.05
32897,Obp18a,10.04,9.83,10.08,11.18,11.23,11.55
32905,Mec2,3.13,4.18,4.50,9.02,9.72,9.49
32906,HP1D3csd,1.98,2.02,2.01,5.05,6.50,5.18
32917,CG7992,6.15,6.59,6.77,8.53,8.57,8.92
32925,snmRNA:763,4.51,4.56,4.82,5.90,6.87,7.18
32936,ND-18,9.43,9.46,9.22,7.72,7.54,7.16
33001,THADA,6.95,6.43,6.39,4.95,5.36,5.47
33005,Nep3,6.97,8.50,8.03,9.14,9.18,9.32
33013,CG9572,4.68,5.45,4.82,3.14,2.14,2.29
33027,Inx7,9.03,9.33,9.44,10.44,10.70,11.06
33039,Obp19c,11.65,11.45,11.10,4.73,2.77,1.81
33072,NPC1b,2.88,2.57,4.19,11.69,11.02,12.23
33073,Ser6,8.01,8.06,8.48,10.10,10.23,10.77
33158,Cda5,9.83,9.97,9.41,5.66,4.87,5.52
33183,CG11617,3.39,3.93,3.78,2.37,2.40,2.32
33199,Amnionless,3.76,3.37,5.02,7.78,6.51,9.02
33205,CG11912,4.12,7.16,6.59,2.04,2.01,2.03
33206,CG11911,10.57,10.71,10.20,3.42,2.31,2.33
33209,CG4213,7.76,7.25,6.28,3.53,3.67,3.48
33274,Lsp1beta,8.27,8.46,9.43,5.50,3.55,5.14
33290,Iris,11.15,11.03,11.01,9.44,9.54,10.16
33291,CG4577,10.04,10.36,9.90,10.99,11.43,11.37
33303,Charon,10.85,10.59,10.83,12.37,12.41,12.38
33312,CG42329,5.38,7.40,5.77,3.27,2.79,2.81
33313,CG5397,6.96,6.96,7.21,4.45,5.22,5.59
33330,CG31661,12.94,13.06,13.22,10.24,8.59,2.28
33359,CG31664,2.31,2.30,2.33,5.76,4.08,8.22
33385,CG4259,9.81,10.16,9.27,6.73,7.35,7.43
33396,CG15385,5.50,5.74,6.76,6.95,6.95,7.64
33413,CG16995,1.92,1.92,1.96,7.98,9.79,9.76
33420,CG3597,10.27,9.89,11.15,8.36,8.27,8.94
33438,Cyp309a1,3.85,2.96,5.70,7.16,7.04,8.35
33446,CG15394,9.45,9.90,10.12,12.18,12.70,12.42
33474,daw,8.48,8.62,7.53,6.23,6.89,5.72
33510,CG17224,10.42,10.25,10.68,13.03,13.30,13.18
33511,CG17264,4.18,4.20,4.15,5.12,8.43,7.64
33541,CG9663,6.51,6.16,6.58,7.89,7.81,8.60
33545,CG8837,2.37,2.37,2.38,5.34,6.50,6.42
33548,CG15408,7.33,8.09,9.04,9.53,9.28,9.87
33553,CG15412,8.79,8.82,8.67,5.08,3.06,3.11
33559,CG2772,6.85,7.09,7.31,2.31,2.37,2.11
33585,CG15418,9.03,8.34,8.28,6.18,6.25,5.67
33593,CG3604,2.31,2.30,2.27,4.20,5.31,5.48
33615,CG15422,3.55,3.97,5.25,8.32,8.32,9.04
33616,CG15423,6.43,6.15,6.31,10.04,10.13,10.25
33636,Atet,11.22,11.45,11.43,9.71,10.06,10.09
33678,Clect27,12.59,13.11,12.87,11.23,11.33,10.99
33707,Jon25Bii,11.13,11.13,11.45,7.80,5.77,2.63
33708,Jon25Bi,12.41,12.23,12.58,11.39,10.09,8.12
33726,vkg,12.54,12.62,12.49,11.40,11.18,11.22
33727,Cg25C,12.52,12.74,12.77,11.05,11.38,11.35
33749,Cyp28d1,9.28,9.58,10.65,11.06,10.99,11.53
33752,TpnC25D,8.29,8.79,7.75,4.91,4.94,5.04
33755,Cyp4ac2,5.45,6.58,6.31,3.21,3.30,3.20
33756,Cyp4ac3,7.29,6.58,5.77,9.09,9.89,9.88
33759,vri,11.06,11.45,10.97,12.35,12.63,12.51
33763,CG14022,12.70,13.04,13.02,11.53,11.03,10.86
33764,TotM,2.25,2.43,8.56,12.02,11.51,12.66
33765,fusl,7.89,8.09,8.37,7.03,6.65,7.27
33770,mid,8.15,8.31,7.95,4.25,3.78,4.48
33824,Gpdh,12.31,12.54,12.29,10.81,11.18,11.11
33824,Gpdh,12.31,12.54,12.29,10.81,11.18,11.11
33827,Vm26Ab,12.62,12.92,13.06,11.31,8.47,5.81
33828,Vm26Ac,12.35,12.28,12.57,10.14,2.75,2.68
33829,Vm26Aa,13.22,13.12,13.25,11.68,8.82,6.06
33830,psd,11.91,11.82,12.29,9.36,3.86,2.46
33831,CG13992,8.67,8.25,9.14,3.06,2.33,2.29
33839,Gal,3.47,3.30,4.08,2.60,2.45,2.43
33840,CG9098,4.08,3.72,3.45,2.37,2.41,2.42
33884,CG9497,4.20,4.01,4.47,2.56,2.30,2.59
33885,CG9498,10.38,10.52,10.64,11.58,12.23,11.69
33893,Nepl6,2.55,2.87,3.88,7.64,6.51,8.25
33916,eya,9.78,10.10,9.83,8.08,8.30,7.97
33946,TTLL3B,10.36,10.94,11.31,13.25,13.25,13.29
33957,sens-2,2.92,2.93,2.90,4.11,3.85,3.80
33961,Nha1,9.21,9.38,9.12,7.56,6.75,6.58
34017,CG5177,10.55,10.62,10.07,7.75,6.52,6.85
34023,CG5973,13.30,13.42,13.22,12.25,11.98,12.06
34041,CG18585,9.21,9.72,9.29,7.66,7.90,7.51
34042,CG7025,9.11,9.56,8.48,2.57,2.51,2.29
34049,CG13795,8.58,8.84,9.52,10.35,10.41,10.29
34051,CG13796,6.94,7.14,6.79,5.02,5.91,5.73
34053,CG7214,12.79,12.96,12.80,9.16,2.36,2.39
34055,CG7203,12.88,12.95,12.80,9.67,2.45,2.53
34060,Uro,10.41,11.32,11.80,13.17,13.30,13.29
34093,Tg,5.41,4.86,4.40,2.91,3.18,2.83
34122,CG8360,9.00,9.77,9.48,10.79,10.64,10.88
34123,CG8353,7.45,8.77,9.83,12.35,12.61,12.56
34166,fy,7.34,6.85,7.17,9.48,9.28,9.80
34189,Acer,12.79,12.80,12.71,11.70,11.35,11.30
34206,LManVI,13.27,13.16,13.91,12.38,11.88,10.51
34211,Tsp29Fa,12.59,12.80,12.71,13.77,13.78,13.85
34219,CG18088,8.82,8.90,9.07,3.01,3.07,2.58
34221,CG13101,10.81,10.67,10.59,8.95,9.46,8.66
34227,CG9568,12.58,12.59,12.91,13.77,13.93,14.00
34237,CG32982,2.37,2.22,2.21,3.49,4.26,4.26
34258,Mco1,4.50,4.45,4.67,2.49,3.08,2.57
34259,Fbp2,8.48,8.09,10.56,2.77,1.98,1.99
34269,CG17855,2.32,3.28,2.51,5.79,6.54,7.26
34271,CG13113,11.76,11.93,11.75,8.38,6.00,6.03
34288,CG13116,6.38,7.23,7.04,8.84,9.05,8.83
34289,CG13117,5.99,6.21,6.62,7.09,7.81,7.68
34297,CG17633,12.13,12.35,12.21,8.34,7.56,6.23
34350,Sur,4.83,4.90,4.86,2.95,3.21,2.96
34379,Hand,5.84,7.19,6.71,9.91,9.84,10.45
34381,CG13138,8.06,7.34,6.55,2.96,2.90,2.94
34401,CG5367,7.39,7.60,8.04,4.49,4.12,3.80
34409,gny,10.09,10.82,10.69,12.01,12.10,12.17
34409,gny,10.09,10.82,10.69,12.01,12.10,12.17
34436,LMan1,8.03,8.22,8.52,6.95,7.00,6.92
34437,LM408,11.55,11.56,11.84,10.54,10.37,10.29
34438,RluA-1,6.14,5.88,6.01,4.40,4.19,4.49
34450,Lip4,7.74,9.14,9.60,10.48,10.75,11.01
34453,Trim9,2.11,1.98,2.06,2.68,3.07,3.81
34471,CG17108,13.44,13.61,13.75,12.83,12.32,12.36
34472,CG7300,10.60,10.45,10.73,6.93,4.81,3.94
34485,CG17124,9.62,9.83,9.67,7.96,7.98,8.72
34485,CG17124,9.62,9.83,9.67,7.96,7.98,8.72
34488,CG6724,11.08,11.18,11.45,9.21,9.76,9.36
34493,CG6508,10.09,9.99,10.02,5.10,3.44,2.02
34506,CG12517,8.28,8.35,7.83,4.78,4.37,4.62
34528,Art8,10.29,10.34,10.47,8.99,9.52,9.42
34537,AstC,10.32,10.77,10.88,11.59,11.93,11.73
34552,hgo,8.41,7.11,9.93,11.54,10.33,11.16
34558,Vm32E,13.17,13.04,13.27,11.32,6.09,3.41
34569,salm,6.27,6.36,5.90,3.39,5.08,3.18
34570,sala,3.27,5.41,4.00,2.32,2.29,2.32
34594,Pde1c,9.51,9.54,9.47,10.92,10.91,11.13
34604,Cry,9.07,8.24,9.48,11.62,11.58,12.33
34607,CG16965,6.12,6.67,8.84,10.70,10.77,11.23
34615,Rh5,2.05,2.07,2.12,2.72,3.98,2.88
34652,vir-1,11.65,12.10,12.02,12.81,13.44,13.20
34662,Oatp33Eb,7.30,5.96,6.19,11.31,11.08,11.21
34669,nub,6.70,7.88,6.67,10.87,10.92,11.40
34673,pdm2,2.55,2.48,2.43,6.26,5.88,6.82
34728,CG5867,12.54,13.00,13.07,11.86,11.88,11.76
34758,Vm34Ca,13.78,13.97,13.92,12.86,10.77,10.05
34760,CG16956,10.50,10.65,10.46,4.71,1.84,1.85
34791,b,9.45,10.27,9.67,6.82,7.26,6.95
34801,CG7953,11.19,10.34,11.18,13.25,12.77,13.30
34802,CG7968,5.04,7.64,9.07,10.83,10.85,10.95
34811,CG16885,9.75,9.88,10.15,4.01,2.26,2.27
34812,CG16884,9.98,9.54,9.24,2.62,2.49,2.61
34824,NimC4,7.32,8.09,6.69,2.13,2.13,2.15
34830,CG43333,11.00,10.69,10.23,3.79,2.37,2.38
34831,Dyrk2,10.51,10.63,10.42,9.54,9.33,9.47
34838,l(2)34Fc,11.66,12.25,12.16,10.61,9.73,9.96
34894,yuri,9.75,9.55,9.62,10.98,11.09,11.25
34903,esg,4.03,3.45,3.17,6.47,6.92,8.74
34919,CG7631,7.73,7.78,9.84,6.02,6.32,5.79
34920,CG18480,9.43,9.67,9.74,12.13,12.31,12.46
34939,beat-Ib,5.81,5.81,5.74,4.68,4.59,4.38
34950,Ca-alpha1D,5.36,6.38,6.18,4.69,4.55,4.26
34978,Idgf1,11.69,11.85,11.72,13.23,13.30,13.29
34981,Idgf3,7.46,7.89,8.16,10.47,10.92,10.85
34981,Idgf3,7.46,7.89,8.16,10.47,10.92,10.85
35007,Mhc,14.17,14.25,14.22,13.30,12.67,12.76
35050,CG18563,2.33,2.37,2.92,3.49,4.37,4.98
35061,Dhc36C,7.32,6.41,6.55,3.60,3.66,3.58
35067,CG6870,11.88,12.59,11.89,10.87,11.35,10.89
35082,CG15152,9.33,9.49,9.71,10.83,11.17,11.14
35085,Socs36E,9.93,10.14,10.46,12.78,13.13,13.10
35086,CG17681,3.50,3.57,4.80,5.59,6.75,7.10
35097,Fas3,2.83,3.67,3.66,4.64,4.83,4.63
35123,CG10383,11.29,11.07,11.35,12.60,12.81,12.38
35142,CG10600,5.42,5.70,5.47,7.73,7.13,7.72
35152,CG10621,11.17,11.13,12.88,10.56,9.00,9.22
35153,CG10623,12.71,12.49,12.65,10.93,10.61,10.25
35160,CG15170,3.06,3.92,4.26,2.95,2.48,2.72
35162,CG10650,10.94,11.12,11.64,12.83,12.79,12.76
35188,amd,7.22,8.04,8.21,4.10,1.61,1.62
35229,CG13084,12.75,12.89,12.80,10.78,6.73,1.95
35247,CG10337,11.20,11.44,11.53,12.30,12.80,12.50
35248,Tep4,11.83,11.89,12.21,12.96,13.18,13.13
35252,CG13077,5.71,5.98,6.65,9.59,9.55,9.87
35286,sNPF,6.64,7.15,6.82,8.59,8.61,8.74
35331,CG2617,9.03,9.48,9.26,10.61,10.44,10.51
35343,vari,2.73,3.56,3.62,3.80,4.99,4.96
35372,CG9259,10.80,11.13,11.07,8.17,6.79,7.54
35409,CG17571,5.20,4.84,5.00,2.77,1.89,1.89
35473,TpnC41C,13.39,13.54,13.50,11.33,8.01,8.30
35498,TpnC4,13.99,14.24,14.25,12.99,10.89,10.46
35521,CG7881,5.15,5.67,4.63,2.63,2.53,2.59
35528,dream,8.22,8.37,8.32,9.97,10.39,10.36
35531,CG14591,9.34,10.40,9.97,8.68,8.90,8.63
35543,Cyp6w1,9.03,9.36,9.36,10.27,10.60,10.82
35545,CG11211,10.78,11.80,11.93,10.84,8.13,9.00
35575,cg3270,9.54,9.77,10.07,8.31,8.54,8.51
35600,Spn42Dc,5.22,4.65,5.60,7.97,8.05,8.31
35610,CG17002,8.64,8.44,8.04,9.73,9.68,9.67
35612,Tsp42Ec,9.33,9.22,9.45,10.45,10.48,10.69
35613,Tsp42Ed,11.61,12.15,12.34,13.52,13.76,13.59
35620,Tsp42Ej,10.45,11.35,10.73,9.97,9.83,9.59
35622,Tsp42El,10.82,11.34,11.49,12.54,12.91,12.78
35627,pgant3,10.81,10.58,10.95,11.64,11.81,11.92
35629,Tsp42Er,5.13,5.46,6.50,10.60,11.00,11.17
35634,Cyp9b1,7.75,8.86,9.19,9.68,9.51,10.26
35635,Cyp9b2,11.23,11.46,12.34,12.61,12.92,12.86
35652,Dscam1,6.12,6.29,5.21,7.09,7.51,7.73
35669,CG11125,9.98,9.41,9.34,10.67,10.75,10.66
35670,fa2h,7.22,7.79,7.91,11.05,10.95,11.26
35672,CG11141,8.23,7.60,7.31,9.55,10.16,9.67
35683,cg1603,6.60,6.56,5.94,7.69,7.94,8.08
35707,cg2065,4.30,4.34,4.67,6.21,7.99,7.21
35708,cg2064,10.63,10.93,11.16,12.47,13.09,12.80
35715,LRR,3.54,3.49,3.72,5.36,5.29,4.75
35727,CG12824,3.74,4.60,4.21,7.52,7.87,8.45
35766,Odc1,11.51,11.55,11.11,9.73,9.45,9.41
35779,CG11210,8.76,9.31,9.00,10.15,10.02,10.42
35790,Lpin,10.97,10.32,10.56,11.78,11.59,11.62
35825,Mal-A2,9.70,9.42,10.52,11.21,11.26,11.13
35826,Mal-A3,7.96,8.01,10.15,7.46,5.77,5.40
35834,CG12780,11.72,12.11,12.08,13.26,13.48,13.29
35835,Cyp6a14,6.37,6.20,6.43,7.52,8.22,8.09
35837,Cyp6a13,9.93,10.33,10.17,12.01,11.90,12.08
35841,CG8736,4.83,4.62,4.04,2.17,1.65,1.67
35846,Cirl,4.79,4.88,5.16,3.12,3.36,3.20
35853,Jon44E,12.23,12.27,12.43,6.77,4.17,2.04
35854,CG8586,6.72,7.04,7.68,8.47,7.88,8.64
35859,PGRP-SC1b,5.15,6.65,3.30,2.46,1.76,2.46
35862,PGRP-SC2,9.36,10.19,11.22,12.83,11.97,12.75
35894,CG13749,1.91,1.89,1.93,6.76,7.97,8.27
35895,FANCI,9.73,9.30,9.27,3.84,3.59,3.52
35913,ana,9.26,9.56,9.33,6.65,7.67,7.52
35920,snoRNA:Or-CD2,10.77,10.70,10.78,9.25,9.06,9.73
35921,CG8777,7.67,7.06,7.20,6.33,5.84,6.56
35948,Cyp4p3,6.70,6.55,7.49,10.52,10.73,10.65
35981,Alp6,5.69,6.09,6.47,3.53,3.65,2.86
35996,CG12926,8.61,9.09,8.87,10.55,10.72,11.04
36002,sqa,8.81,9.19,8.73,7.57,7.87,7.34
36013,Lsm11,7.67,7.60,8.03,6.67,6.72,6.67
36029,CG1441,7.04,6.75,7.64,5.87,4.72,6.12
36047,Def,8.11,8.63,9.83,11.97,12.63,12.63
36139,dgo,4.73,3.87,3.68,5.93,5.28,5.24
36163,Spn47C,7.92,8.03,7.61,9.25,10.18,9.84
36171,shn,11.33,11.32,11.12,12.40,12.63,12.73
36172,CG9084,4.34,4.96,5.23,7.16,7.68,7.47
36182,CG13215,3.01,4.17,5.58,9.57,11.20,9.70
36183,Listericin,7.23,8.77,9.08,11.34,12.42,11.81
36186,CG34227,10.52,10.43,10.86,12.51,12.85,12.34
36193,Cpr47Ee,4.55,5.94,6.48,3.50,3.43,3.32
36195,TpnC47D,11.13,11.48,11.40,7.24,2.90,3.22
36205,CG42336,3.96,4.14,3.96,6.40,7.50,7.66
36215,kappaTry,8.01,8.80,9.18,10.51,10.49,10.58
36216,zetaTry,10.65,10.98,10.97,3.95,2.50,2.45
36217,etaTry,8.87,9.69,9.99,11.36,11.63,11.69
36218,thetaTry,13.35,13.33,13.47,11.36,11.02,10.53
36223,iotaTry,6.50,6.56,6.00,3.64,3.66,3.53
36232,Sod3,12.07,12.05,12.04,10.79,10.45,10.23
36266,Damm,8.42,8.96,10.41,12.87,12.95,13.11
36268,CG13185,11.28,10.88,10.81,9.72,9.66,9.75
36298,skpB,4.61,4.90,5.51,2.76,2.68,2.23
36319,CG8858,11.45,10.89,11.30,9.59,9.72,9.22
36321,RpS11,8.62,8.71,7.87,4.54,3.85,3.71
36333,CG17739,5.97,6.20,6.57,8.55,9.48,8.76
36345,Cpr49Ab,11.80,11.92,12.07,9.99,8.78,9.15
36347,CG8501,2.97,4.10,4.20,5.09,5.31,5.67
36351,Cpr49Ae,13.96,14.17,14.36,12.37,10.18,9.81
36353,Cpr49Ag,3.11,4.61,4.37,2.08,1.79,1.89
36356,CG8834,9.85,10.35,11.11,11.81,11.69,11.70
36395,nemy,11.53,11.72,11.87,10.45,10.44,10.34
36399,Obp49a,10.79,11.36,11.07,12.15,12.02,12.05
36412,Cyp9h1,5.61,6.88,7.47,10.41,10.40,10.61
36417,Balat,2.17,2.19,2.16,3.14,3.44,3.22
36427,Sans,8.07,7.25,7.08,9.48,8.74,8.04
36429,CG44251,3.53,3.58,3.89,7.78,8.26,8.76
36429,CG44251,3.53,3.58,3.89,7.78,8.26,8.76
36430,CG13321,10.84,11.08,11.41,12.88,12.75,12.78
36433,CG13323,10.41,10.77,11.18,11.94,12.02,11.95
36434,CG13324,10.49,10.68,11.41,12.20,12.18,12.30
36456,AQP,4.96,6.04,6.28,4.74,3.03,3.88
36472,CG10799,10.17,10.29,10.89,11.77,11.54,12.25
36473,CG42319,10.81,11.09,10.56,8.28,8.61,8.37
36477,CG4734,11.01,11.12,11.88,12.58,12.65,12.59
36481,CG10814,1.73,1.98,2.20,4.89,5.01,7.02
36511,CG42807,11.59,12.45,13.20,14.35,14.30,14.34
36529,CG6329,11.43,12.30,11.92,10.67,10.59,10.64
36530,CG6337,2.35,2.38,2.63,6.10,4.24,7.66
36548,St4,11.46,11.21,11.54,7.91,2.32,2.20
36582,Mdr50,8.25,8.19,7.59,2.19,2.09,2.11
36589,Ih,6.06,6.91,7.58,5.66,5.47,5.60
36597,Arc2,8.91,8.93,8.82,11.19,11.47,11.31
36620,CG12868,11.44,11.38,11.55,12.42,12.80,12.51
36635,Dro,5.45,3.68,5.61,7.99,7.66,7.84
36636,AttA,8.55,4.70,9.70,11.46,11.65,11.80
36648,hui,5.75,6.48,6.32,7.45,7.89,7.65
36665,Cyp6a21,10.42,10.91,10.87,8.58,7.62,8.14
36686,CG8093,9.23,8.91,10.33,10.72,10.67,11.12
36692,scb,11.00,10.92,11.00,12.40,12.55,12.84
36693,ItgalphaPS4,2.10,2.11,2.11,3.17,4.65,5.84
36712,CG8179,8.52,9.54,9.31,8.07,7.87,7.96
36742,CG8249,2.53,2.59,4.78,5.03,5.76,6.13
36744,CG12970,2.03,2.02,1.98,6.80,5.87,7.53
36751,CG8299,5.90,8.06,8.86,5.13,1.72,1.89
36753,Strn-Mlck,12.86,13.07,12.86,10.19,4.86,5.04
36753,Strn-Mlck,12.86,13.07,12.86,10.19,4.86,5.04
36790,Ptp52F,6.13,6.04,6.75,6.91,7.30,7.83
36800,Tsf3,4.35,4.48,4.81,5.53,6.35,6.35
36858,CG8303,11.09,10.91,11.39,8.43,7.46,7.65
36860,CG5065,3.49,4.37,4.45,5.84,5.86,6.07
36883,CG5550,7.96,8.60,9.38,9.85,9.60,10.21
36893,CG6429,9.60,10.26,10.12,11.09,11.85,11.47
36911,CG6805,9.82,10.00,9.34,10.76,10.81,11.22
36919,fat-spondin,8.91,9.27,10.29,10.83,11.08,11.27
36924,CG30460,4.32,3.83,4.45,4.76,5.81,5.65
36934,Cda9,2.16,2.17,2.15,3.00,3.85,3.51
36960,mthl4,4.51,4.24,4.46,5.68,5.90,6.69
36960,mthl4,4.51,4.24,4.46,5.68,5.90,6.69
36973,CG4847,11.20,11.25,11.66,9.09,7.26,8.27
36994,CG6484,10.13,9.66,10.03,11.49,11.58,11.62
36996,RhoGAP54D,4.93,4.55,4.92,6.02,6.00,6.23
37000,CG10936,4.30,3.14,4.39,2.51,2.46,2.33
37016,CG4975,5.30,5.01,5.23,2.78,2.53,2.70
37020,PIG-A,10.27,10.36,10.36,9.17,9.01,8.96
37025,CG5002,7.42,7.42,9.11,9.39,9.75,9.60
37026,Sardh,1.92,2.17,4.20,5.39,4.39,5.63
37031,CG18635,2.72,2.44,3.00,8.31,8.47,8.75
37037,Dhit,8.62,8.07,8.18,9.68,10.00,9.82
37054,CG5770,3.39,3.99,4.41,9.77,9.79,10.36
37056,CG14495,2.25,2.75,2.75,6.92,6.98,7.42
37058,CG10911,11.61,12.19,11.89,12.96,12.98,13.11
37059,CG10912,10.16,11.16,11.39,13.37,13.45,13.49
37081,CG10916,7.68,7.57,7.92,9.50,10.02,9.57
37086,CR14499,11.00,11.77,12.11,14.09,14.14,14.18
37087,CG14500,9.73,10.06,10.74,11.34,11.03,11.42
37104,Idgf5,5.13,5.01,4.96,6.34,5.56,6.78
37129,CG43066,10.65,10.84,10.79,8.74,8.56,8.76
37130,Pepck,10.74,10.93,11.70,10.44,9.80,9.58
37134,GEFmeso,3.34,2.90,3.29,4.94,4.87,4.92
37139,CG5493,6.87,7.56,8.86,9.90,9.24,9.58
37149,edl,6.48,6.55,6.02,7.64,8.20,7.89
37170,CG15096,11.43,11.41,12.20,10.28,9.13,9.51
37190,tn,10.86,10.93,10.76,9.68,10.04,9.71
37197,CG15117,3.20,3.20,3.55,7.23,7.76,8.34
37221,CG11961,10.83,10.97,11.16,12.03,12.15,12.20
37223,CG9416,6.49,5.58,6.06,3.63,3.07,3.46
37224,CG10062,5.08,4.82,4.97,3.55,3.41,3.65
37254,sm,9.87,10.03,9.97,8.49,8.38,8.00
37271,Obp56h,2.23,2.72,2.91,4.57,5.26,5.65
37275,CG8654,8.30,9.23,9.57,3.01,3.14,3.10
37276,CG16898,10.58,11.33,11.86,12.27,12.45,12.35
37277,18w,11.75,11.91,11.81,10.11,10.13,10.89
37287,CG9864,12.25,12.32,12.37,11.11,11.06,10.82
37293,CG8908,2.12,2.10,2.46,3.06,3.68,3.20
37295,CG11788,6.47,6.75,6.43,5.19,5.08,5.52
37297,Mpcp1,12.70,13.09,12.97,10.13,3.02,3.14
37384,RIC-3,11.21,11.10,11.06,10.02,9.99,9.90
37388,CG15653,6.31,5.91,5.63,6.81,6.87,7.59
37390,Cht8,4.85,6.22,6.20,9.07,9.50,9.51
37399,CG9394,5.05,5.24,4.74,2.63,2.70,2.53
37419,Glycogenin,11.49,11.68,11.65,10.75,10.49,10.46
37459,CG15673,5.54,6.58,6.83,7.95,8.44,7.16
37468,pirk,9.84,10.26,11.22,12.43,12.30,11.68
37477,CG10307,6.06,6.41,6.10,2.49,2.18,2.22
37488,CG4363,10.21,10.13,10.56,12.34,12.48,12.18
37489,CG4377,10.49,11.10,11.22,12.89,12.93,13.03
37496,CG13488,2.26,2.25,2.23,9.44,9.65,10.44
37540,Alp8,11.40,11.51,10.63,1.83,2.60,1.81
37547,CG5819,5.72,5.32,5.82,8.34,9.13,8.95
37565,CG10344,8.66,8.71,8.21,9.75,9.78,10.03
37565,CG10344,8.66,8.71,8.21,9.75,9.78,10.03
37572,gas,2.36,2.76,3.05,7.48,7.73,7.57
37594,Cyp6d2,5.06,4.93,6.19,10.08,10.35,10.60
37597,CG13511,2.00,2.00,2.23,6.46,6.74,7.10
37598,CG42565,5.42,5.38,6.22,9.29,9.94,10.62
37600,CG30269,9.94,10.06,10.13,11.73,11.88,12.01
37602,ppa,4.26,4.51,4.13,5.12,5.37,5.86
37624,CG9825,3.38,4.10,3.86,2.41,2.36,2.41
37641,nahoda,11.83,11.64,11.38,10.06,9.85,10.00
37737,Eglp2,4.42,5.00,4.68,3.81,3.37,3.11
37746,Pal2,6.59,6.70,6.72,7.66,8.49,7.84
37762,sona,11.94,11.84,11.63,9.44,7.17,7.03
37786,TM4SF,5.49,6.61,6.03,4.22,3.85,3.80
37789,CG5597,9.70,9.76,9.55,10.77,11.38,10.68
37792,Upf3,6.96,6.92,6.95,5.61,5.97,6.01
37806,Orcokinin,3.93,5.22,5.81,7.81,8.77,7.69
37814,Fmo-1,3.32,3.49,4.55,3.09,2.47,2.57
37823,Phm,9.08,8.73,9.00,10.00,10.22,9.98
37844,ppk29,3.99,3.60,4.07,2.53,2.31,2.39
37853,Mlp60A,5.30,7.19,6.76,2.19,1.95,1.95
37853,Mlp60A,5.30,7.19,6.76,2.19,1.95,1.95
37853,Mlp60A,5.30,7.19,6.76,2.19,1.95,1.95
37867,Dat,10.91,11.08,10.94,9.80,9.72,9.23
37888,betaTub60D,12.12,12.32,12.58,13.29,13.32,13.55
37920,CG11413,7.96,9.16,9.15,3.60,2.83,2.62
37921,ITP,7.76,9.05,9.44,10.14,10.45,10.38
37941,Cyp9c1,2.25,2.29,2.67,4.82,5.07,5.15
37943,CG4781,3.24,3.03,3.30,5.18,5.39,5.43
37949,Mmp1,2.50,2.68,3.07,4.54,6.12,5.99
37949,Mmp1,2.50,2.68,3.07,4.54,6.12,5.99
37949,Mmp1,2.50,2.68,3.07,4.54,6.12,5.99
37967,key,11.39,11.46,11.19,12.28,12.38,12.40
37985,pain,7.72,7.74,7.79,8.41,9.25,8.74
37986,CG30427,4.95,4.56,4.59,3.62,3.31,3.98
37997,Phk-3,3.88,4.53,6.00,9.53,11.14,10.79
37998,CG2736,10.84,11.13,11.55,10.34,9.70,10.16
38003,Nplp1,6.79,7.11,7.02,7.83,8.00,8.31
38006,gol,7.34,7.60,6.29,8.55,8.97,9.12
38011,CG9380,4.07,4.04,4.37,8.94,9.44,9.94
38011,CG9380,4.07,4.04,4.37,8.94,9.44,9.94
38015,Lsp1gamma,6.87,6.55,8.13,2.63,2.28,2.31
38021,p130CAS,8.78,8.46,8.96,9.64,9.89,9.77
38023,Vdup1,7.22,7.47,7.24,5.81,6.13,6.05
38036,CG13877,2.15,2.54,2.31,3.52,5.04,4.36
38037,pyx,4.67,5.17,4.82,6.68,7.82,7.28
38057,mthl10,5.61,6.78,6.80,8.90,9.61,9.30
38065,trh,6.97,6.93,6.93,6.01,6.04,5.77
38083,hiro,10.06,9.48,9.93,7.90,7.59,7.63
38107,CG13905,9.24,4.61,9.03,12.80,13.18,13.09
38122,LysX,7.69,9.86,10.58,13.30,13.43,13.61
38149,Ctr9,9.32,8.39,8.71,5.93,5.45,5.30
38153,Myo61F,11.73,11.72,11.90,12.68,12.89,12.87
38168,rho,8.17,8.96,8.15,10.17,10.59,11.02
38180,Cct2,3.53,4.53,3.72,5.49,6.38,5.47
38190,CG12105,7.00,7.08,6.03,2.34,2.06,2.02
38220,PIB-Wb,4.75,4.37,5.69,7.58,8.97,8.44
38223,Cht2,7.90,6.51,6.48,5.08,4.41,4.68
38238,GV1,5.05,5.67,5.60,3.72,3.56,3.72
38238,GV1,5.05,5.67,5.60,3.72,3.56,3.72
38238,GV1,5.05,5.67,5.60,3.72,3.56,3.72
38240,Cpr62Bb,10.96,11.61,11.36,9.15,8.69,8.73
38241,Cpr62Bc,6.72,8.25,7.37,2.17,2.15,2.16
38251,Tmhs,10.24,10.33,10.32,7.15,6.52,5.95
38264,cg1139,3.60,3.88,5.32,5.83,5.89,6.40
38273,CG15822,6.99,7.08,6.37,4.95,4.36,5.06
38294,yellow-g,13.41,13.24,12.94,10.48,6.53,1.85
38295,yellow-g2,13.31,13.39,13.24,9.75,4.66,1.75
38310,CG16762,4.43,7.07,7.00,10.14,10.68,11.05
38326,Pxn,6.05,5.82,6.42,4.97,4.50,4.93
38328,CG14949,6.60,6.76,6.83,8.49,7.82,7.13
38330,CG1246,8.07,8.31,8.25,10.03,10.09,9.91
38363,CG32485,9.16,9.01,8.25,10.76,11.05,10.90
38370,Cht7,7.33,7.61,6.73,2.42,2.34,2.37
38383,CG14963,4.18,3.84,4.52,8.76,8.29,7.54
38393,CG32277,5.16,5.75,6.42,2.32,1.98,2.54
38408,Drsl2,2.14,2.13,3.90,7.56,6.19,7.90
38409,Drsl5,9.66,10.07,9.30,7.52,6.91,7.24
38422,CG12012,8.50,8.78,8.64,9.80,10.61,10.26
38484,Gad1,11.84,12.21,12.11,10.90,10.77,10.66
38486,CG14990,8.61,7.91,7.76,2.07,3.02,2.25
38493,Rop,8.10,7.30,7.82,8.60,9.01,9.08
38495,Akh,3.99,4.46,4.59,7.29,8.31,7.48
38513,ImpL2,9.56,9.89,9.67,11.04,11.15,11.35
38540,slow,4.24,4.31,3.77,2.27,2.25,2.27
38543,DOR,8.18,9.70,8.77,6.97,6.71,6.01
38546,CG15021,6.88,7.16,7.37,5.00,5.10,4.53
38578,RhoGEF64C,2.91,3.16,3.39,2.11,2.09,2.11
38583,CG13707,2.19,2.14,2.54,3.58,3.16,3.36
38588,CG13704,8.51,9.26,9.45,11.72,11.92,11.90
38623,CG13285,2.60,2.74,2.73,10.09,10.09,10.28
38632,Alp10,11.35,11.48,10.90,9.35,9.41,7.47
38633,Alp9,10.88,11.14,10.53,7.51,7.92,5.37
38636,mthl2,8.97,9.46,9.16,7.96,7.62,7.92
38657,vn,4.55,4.47,3.15,5.24,5.49,5.88
38667,CG32407,10.96,11.49,11.77,8.67,8.75,8.60
38682,Jon65Aiv,13.23,13.07,13.12,11.98,11.54,11.41
38684,Jon65Aii,10.94,10.96,11.01,2.96,2.33,2.02
38685,Jon65Ai,9.50,9.12,9.27,3.34,2.40,1.77
38688,CG10472,12.59,12.49,12.59,11.08,11.08,10.74
38710,Acp65Aa,13.03,13.21,13.65,8.40,2.04,2.07
38724,CG13299,12.77,12.69,12.39,10.03,8.91,7.12
38728,CG10163,12.07,12.10,11.90,8.92,2.68,2.31
38738,ndl,12.54,12.02,12.53,8.83,5.53,4.01
38782,Acbp6,3.53,6.91,7.59,12.57,12.79,12.86
38783,Hsc70-4,6.98,8.28,9.60,11.23,11.18,11.51
38784,Dbi,10.62,10.71,11.49,12.07,12.07,12.23
38814,CG14834,12.52,12.06,11.85,8.77,3.33,2.40
38818,pst,13.05,13.12,12.89,13.99,14.12,14.12
38828,CG8562,9.53,9.98,10.27,3.03,3.71,2.26
38830,CG8560,11.41,10.77,10.60,1.88,1.88,1.89
38842,CG8539,10.94,10.91,11.56,9.53,9.57,9.73
38858,PGRP-SD,2.42,2.22,6.77,9.89,9.93,10.12
38870,CG7409,13.33,13.69,13.47,12.09,10.66,10.96
38884,exex,8.87,9.17,8.53,10.76,10.69,11.83
38973,se,2.91,3.91,4.81,2.23,2.26,2.27
38981,CG43078,11.69,11.93,11.90,10.06,9.82,9.93
38990,Cpr66D,6.02,6.95,7.20,7.61,8.28,7.68
38995,h,11.46,11.35,11.05,12.31,12.69,12.02
39002,Prm,12.22,12.43,12.23,10.69,10.53,10.26
39002,Prm,12.22,12.43,12.23,10.69,10.53,10.26
39004,Fhos,12.96,13.13,13.11,11.74,11.27,11.39
39008,CG13311,3.07,4.19,8.09,10.38,10.57,10.81
39049,bol,4.54,5.18,4.67,3.69,3.77,3.89
39062,PGRP-LA,7.25,7.86,7.99,9.82,10.57,10.58
39063,PGRP-LC,3.49,3.12,3.50,5.72,5.45,5.82
39064,PGRP-LF,5.80,5.62,6.46,8.90,9.31,9.26
39065,UGP,3.83,3.90,4.37,6.41,6.64,6.65
39074,CG4461,9.76,9.93,9.88,6.76,7.07,6.28
39092,CG33926,6.26,7.67,6.23,11.71,11.65,12.04
39093,CG3529,9.60,9.68,9.47,10.31,10.79,10.81
39098,CG3434,10.57,10.56,10.59,9.11,9.09,8.95
39125,CG18180,12.04,11.89,12.06,9.12,8.00,4.22
39143,ATPsyn-b,13.24,13.42,13.44,12.43,12.12,12.05
39150,Ilp2,2.13,2.12,2.47,2.62,4.10,3.61
39151,Ilp3,2.00,2.05,1.97,5.78,6.25,6.54
39166,Hez,2.16,2.12,2.29,3.15,3.67,3.27
39166,Hez,2.16,2.12,2.29,3.15,3.67,3.27
39178,CG32053,2.56,2.56,2.49,3.79,5.10,4.93
39232,CG7888,12.20,12.50,12.54,10.50,10.20,10.07
39234,Blos2,8.94,8.78,9.28,7.64,7.64,7.88
39253,mRpL2,9.49,9.90,10.16,8.89,8.64,8.13
39263,CG7607,3.77,4.73,4.21,5.29,5.76,5.85
39276,CG7560,4.25,4.74,5.99,7.72,6.89,8.38
39293,MOB2,8.39,8.58,8.68,9.99,10.09,10.54
39319,CG11658,7.39,9.08,8.64,10.17,10.72,10.13
39328,CG14131,6.42,5.12,5.68,6.89,7.12,7.88
39392,Est-6,12.59,12.95,13.27,11.81,11.64,11.79
39422,CG10660,1.90,1.86,2.34,3.62,3.27,3.70
39441,mirr,5.34,5.31,4.77,3.31,3.51,3.48
39448,Vps13D,10.29,9.86,10.04,8.77,9.25,9.03
39462,CG10943,11.81,12.24,12.10,13.65,13.58,13.85
39466,CG12520,2.89,3.09,3.10,6.24,6.51,7.13
39512,CG14109,6.90,6.92,6.59,8.31,8.83,7.95
39515,CG10116,10.51,11.06,10.78,12.24,12.37,12.29
39531,CG13737,6.50,7.05,7.49,1.91,1.95,1.97
39531,CG13737,6.50,7.05,7.49,1.91,1.95,1.97
39540,ssp2,2.42,4.03,3.69,6.49,5.47,6.02
39542,Hsc70-1,12.51,12.95,12.94,9.91,7.68,7.95
39542,Hsc70-1,12.51,12.95,12.94,9.91,7.68,7.95
39552,ptip,4.97,5.50,6.11,7.66,7.22,7.60
39558,blue,7.16,6.97,6.73,5.59,5.97,5.70
39566,Fbp1,7.31,7.46,9.13,2.64,2.22,2.23
39577,CG13482,9.37,9.53,9.64,11.55,11.93,11.74
39583,bbg,10.39,10.63,10.85,12.15,12.35,12.51
39619,Tom,4.09,3.81,3.12,2.22,2.17,2.18
39626,Zip71B,2.39,2.62,3.28,3.93,3.69,4.24
39634,CG12310,2.21,2.16,2.16,5.91,7.72,9.15
39643,sstn,7.05,6.79,6.81,8.34,8.42,8.43
39647,Cep135,9.65,8.91,8.73,8.24,7.63,8.29
39653,FucTA,4.45,4.68,4.00,7.03,7.38,8.32
39677,mex1,10.05,10.97,11.21,12.50,12.78,12.81
39678,yellow-k,8.27,9.00,9.27,4.01,2.68,2.28
39681,obst-H,1.90,1.91,1.92,4.87,6.20,6.12
39694,CG7650,3.18,3.14,2.94,3.70,4.54,5.15
39720,fwe,1.52,1.95,2.52,3.72,3.90,3.28
39721,CkIIalpha-i1,7.54,7.54,7.45,9.41,9.45,9.27
39739,CG17026,6.70,7.39,7.93,4.11,4.55,4.35
39752,CG5895,3.65,3.50,3.91,4.74,5.25,5.94
39753,th,10.54,10.78,10.69,12.13,12.04,12.13
39778,l(3)72Dr,5.79,6.41,6.32,2.72,2.36,2.63
39783,CG4950,5.35,5.22,4.67,3.50,3.13,3.83
39793,CG4962,7.25,7.77,7.16,3.19,2.45,3.00
39812,Pdh,11.68,11.89,11.72,10.57,9.42,10.03
39816,Cpr72Ec,8.28,9.41,9.48,6.94,3.57,5.03
39817,CG4842,7.93,6.90,7.81,4.83,4.34,4.33
39824,Grp,2.30,2.23,2.22,3.75,7.17,6.21
39841,Mipp1,12.20,11.87,12.01,9.80,10.27,10.36
39843,nxf2,12.35,12.26,12.12,11.24,10.78,10.82
39868,CG13026,9.84,10.55,10.21,4.32,2.41,2.40
39870,PGRP-SB1,11.91,9.93,12.81,14.37,14.16,14.50
39887,Rh4,10.22,10.42,10.08,11.28,11.89,11.54
39936,Cad74A,11.45,11.39,11.34,6.35,2.71,2.61
39959,Jon74E,12.89,12.44,12.05,7.93,6.33,4.27
39960,CG7542,11.05,11.43,11.35,8.93,7.38,3.23
39998,CG5290,7.56,7.27,7.72,5.89,6.37,5.91
40034,GNBP1,6.79,6.74,7.31,7.80,7.86,8.82
40067,CG6839,6.30,8.92,7.46,1.94,2.01,2.01
40069,CG3819,10.05,11.30,11.05,5.80,6.78,2.55
40070,CG6836,10.59,10.83,11.15,9.53,10.02,9.70
40075,SmydA-2,3.00,4.61,5.55,2.17,2.22,2.23
40117,CG9449,6.15,6.22,5.26,4.71,4.24,4.26
40117,CG9449,6.15,6.22,5.26,4.71,4.24,4.26
40147,CG8765,10.41,10.22,10.26,9.25,9.26,9.35
40150,serp,7.76,8.67,7.80,4.04,4.48,3.33
40153,CG42637,2.38,2.37,2.36,3.88,3.77,4.90
40157,Ir76a,9.44,9.53,8.62,10.29,10.54,10.44
40161,Cyp305a1,10.82,11.30,11.24,9.90,9.57,9.61
40185,fln,13.26,13.76,13.71,11.38,4.82,5.28
40196,CG14186,8.23,8.38,7.73,9.06,9.50,10.76
40199,CG14187,10.48,10.55,10.52,4.30,2.13,2.06
40205,CG42674,3.73,3.91,3.38,4.91,5.44,5.60
40207,Ssk,11.21,11.64,12.12,13.61,13.73,13.73
40210,CG7298,2.86,3.68,6.35,10.07,10.36,10.03
40214,CG6933,2.59,2.57,2.53,3.31,4.30,3.40
40234,Spn77Ba,6.60,6.16,6.85,7.42,7.97,7.87
40254,CG13248,3.04,3.34,3.36,4.13,4.87,5.05
40264,CG5910,10.20,10.42,10.37,12.20,12.42,12.54
40267,mag,12.31,12.50,12.51,8.51,4.11,5.74
40272,ND-39,12.04,12.26,12.21,10.99,10.65,10.42
40326,CG10581,6.14,5.55,6.03,4.12,5.19,4.20
40330,ko,5.01,5.24,4.12,3.96,3.59,3.81
40333,Ac78C,6.95,8.31,7.65,8.87,9.22,9.31
40336,park,4.08,3.72,3.76,1.98,1.99,1.86
40350,CG12974,8.80,9.05,9.57,12.57,12.62,12.72
40368,rgn,8.96,8.88,9.30,9.96,10.52,10.40
40381,Est-Q,8.00,8.40,9.08,10.90,11.14,11.34
40383,M6,2.43,2.47,2.44,3.30,3.56,3.58
40437,SLC22A,2.31,2.65,2.43,5.66,5.72,7.55
40442,CS-2,6.21,6.75,6.01,8.91,9.52,9.37
40444,Act79B,13.19,13.38,13.41,11.21,8.58,9.02
40450,CG7130,5.37,4.88,5.07,7.54,7.95,7.12
40457,Ddx1,11.89,11.92,12.10,11.02,11.02,10.78
40471,CG11426,4.82,4.74,5.35,6.40,7.02,6.70
40472,CG11425,2.85,3.91,8.55,10.24,11.34,9.25
40479,CG14457,2.46,2.88,2.85,4.41,5.25,5.23
40479,CG14457,2.46,2.88,2.85,4.41,5.25,5.23
40515,NRM,7.61,8.80,8.51,4.89,4.10,4.71
40521,nAChRalpha4,9.15,8.93,8.18,9.82,9.93,10.30
40532,CG14642,5.32,5.23,4.57,6.17,6.22,7.13
40540,Nepl11,4.45,3.85,4.50,6.63,6.28,7.44
40578,slx1,5.70,5.34,5.60,6.78,6.25,6.71
40588,Nep2,10.72,10.88,10.75,9.30,9.12,8.76
40611,CG14661,12.97,13.27,13.30,11.54,9.91,10.31
40615,plh,11.10,11.92,11.34,9.53,8.22,8.77
40632,Tim17a2,6.38,7.51,7.59,8.97,8.40,8.73
40672,CG12746,5.76,6.65,6.86,7.39,7.72,7.65
40677,rev7,5.13,5.18,5.13,6.04,6.56,6.52
40704,plx,10.97,11.28,10.88,9.94,9.70,9.94
40733,cg2017,10.21,10.21,10.20,8.88,9.19,9.10
40737,Obp83a,7.76,8.67,8.16,7.23,6.95,7.01
40745,Gasp,10.00,10.84,10.80,8.51,9.15,8.12
40751,CG1077,12.33,12.26,12.17,9.43,2.74,1.94
40780,CG17919,8.62,8.57,8.63,6.96,6.83,7.03
40830,bcd,2.40,3.41,3.44,4.82,4.14,4.27
40831,Ama,4.68,4.07,4.25,2.30,2.42,2.40
40849,Mlp84B,11.71,12.08,12.01,10.61,10.50,10.26
40858,gfzf,3.59,2.93,3.36,4.33,4.34,4.81
40866,CG14606,4.25,4.66,5.54,5.54,7.01,6.33
40908,alpha-Est2,7.82,8.00,7.92,5.20,5.41,5.43
40918,Sp7,10.45,10.77,10.74,11.82,12.03,11.82
40920,CG10086,9.12,9.04,9.36,10.81,10.94,11.21
40921,cg2641,6.49,6.46,6.68,7.34,7.78,7.64
40922,CG3014,4.62,5.31,3.87,3.38,3.65,2.96
40942,Os-C,7.04,7.60,6.46,5.70,4.92,5.59
40957,CG7900,10.15,10.48,10.76,11.65,11.51,12.00
40976,CG11671,2.90,2.92,3.14,11.01,11.53,11.23
40977,CG11672,7.67,7.44,7.87,8.75,9.63,9.32
40978,CG31463,7.65,8.07,8.89,5.44,5.30,4.70
41038,nom,9.22,9.15,8.82,10.62,10.57,10.50
41111,CG16749,10.80,10.67,10.91,8.12,7.86,7.84
41116,CG18473,5.14,5.19,7.03,9.24,8.28,9.23
41158,Kap-alpha3,7.76,6.94,7.85,6.61,6.05,5.99
41168,Scm,10.03,8.52,10.28,10.88,11.79,12.55
41198,Whamy,3.41,3.39,3.43,5.18,5.50,5.68
41206,CG8516,4.77,5.40,5.41,7.51,7.07,7.73
41214,CG9458,9.85,10.18,9.44,8.12,8.94,9.00
41225,Mical,6.84,6.77,6.99,5.59,5.67,5.33
41232,Npc2d,8.59,9.29,9.35,2.92,2.18,2.18
41253,CG3999,2.14,2.04,4.12,5.41,4.12,5.18
41270,Rrp46,8.30,7.79,7.75,6.98,6.69,6.88
41272,Cyp12e1,3.10,3.88,3.93,5.47,5.75,6.02
41279,pug,9.81,9.69,11.03,11.58,11.06,11.97
41297,CG14687,11.65,12.09,11.65,10.36,10.59,10.64
41317,CG14696,2.34,2.28,2.33,8.04,8.34,8.59
41318,Adk3,8.09,8.37,9.27,7.47,7.51,7.72
41333,Ugt35b,11.75,12.24,12.22,10.93,11.03,10.87
41337,CG18577,4.21,4.52,4.56,5.49,5.79,5.72
41340,SdhC,11.42,11.54,11.33,10.56,10.25,10.37
41359,CG17734,9.39,10.26,10.05,8.57,8.43,8.30
41379,PGRP-LB,6.20,6.10,7.60,9.53,9.79,10.11
41396,CG6813,2.62,2.62,2.38,3.81,3.61,3.36
41409,CG6834,8.02,8.40,7.94,5.14,4.85,5.16
41410,CG6908,11.28,11.27,11.85,10.15,10.33,9.98
41428,ClC-a,11.24,10.93,10.98,9.82,9.78,9.91
41434,CG6959,8.93,9.39,9.04,7.69,8.27,7.86
41452,CG18547,8.61,9.36,10.48,11.12,10.86,11.05
41474,Cpn,9.10,9.48,9.25,8.00,8.62,8.20
41477,CG4830,8.78,8.57,7.31,2.36,2.44,2.45
41493,CG4066,10.92,11.59,11.47,7.43,3.22,2.68
41502,GstD9,10.80,11.29,11.51,12.14,12.52,12.24
41558,Dtg,2.62,2.58,2.34,4.71,4.85,5.33
41559,CG6225,5.06,5.03,4.78,3.26,3.33,3.26
41561,Gnmt,6.53,5.95,10.02,12.03,12.55,12.05
41568,NijC,4.28,4.84,5.01,3.24,3.43,2.90
41570,CG12279,7.27,6.55,6.89,4.86,5.05,4.57
41571,mus308,6.47,5.42,5.92,4.07,3.76,3.66
41579,CG10126,11.12,11.61,11.39,12.94,13.35,13.19
41586,Cyp304a1,2.31,2.29,2.40,8.00,8.04,8.20
41589,CG7381,5.51,4.79,6.11,11.61,11.00,11.83
41595,yellow-f,2.62,2.27,3.35,5.49,5.47,5.72
41612,sim,11.20,11.17,10.87,8.78,8.36,8.28
41623,CG8483,4.16,3.76,4.09,2.27,2.59,2.02
41625,Ace,6.88,7.36,7.09,8.29,8.63,8.68
41629,CG8630,7.07,7.64,8.68,6.28,6.28,6.06
41634,CG8773,11.24,11.06,11.30,8.28,7.20,6.30
41635,CG8774,9.20,9.68,9.99,6.75,6.66,5.08
41647,CG9799,9.74,9.55,9.58,7.94,8.34,8.54
41679,Adgf-D,7.55,7.06,6.56,9.59,8.91,9.89
41688,CG9297,13.16,13.31,12.97,11.64,10.34,10.55
41690,CG9286,10.55,10.89,10.90,9.68,9.67,9.79
41711,CCHa1,2.19,2.19,2.17,4.54,6.93,7.27
41727,CG9649,8.54,8.71,8.81,9.63,9.68,10.00
41747,NK7.1,2.76,2.44,2.40,4.15,4.92,4.79
41759,Cyp313a1,6.42,7.86,6.90,3.19,2.54,3.29
41766,CG8066,9.47,9.25,9.47,11.36,11.74,11.71
41777,CG3505,4.82,5.35,6.10,9.98,10.76,10.35
41820,CG6912,10.07,9.86,9.96,11.69,11.93,11.94
41822,CG3987,10.00,10.65,11.21,13.01,13.20,13.17
41824,Mf,12.91,13.02,12.95,11.78,11.61,11.64
41829,Spn88Eb,7.57,8.15,10.75,13.34,13.25,13.50
41852,Tm1,13.21,13.33,13.12,11.86,11.32,11.49
41853,Tm2,13.13,13.24,13.18,11.63,11.23,11.08
41885,Act88F,13.52,13.76,13.64,11.71,8.19,7.94
41887,AdamTS-A,10.67,10.45,10.45,9.15,9.51,8.97
41889,Rh6,6.99,7.99,7.86,8.43,9.15,8.65
41893,CG44014,3.07,3.18,3.40,12.06,12.27,12.39
41893,CG44014,3.07,3.18,3.40,12.06,12.27,12.39
41893,CG44014,3.07,3.18,3.40,12.06,12.27,12.39
41894,AOX1,9.76,10.08,10.67,11.09,11.38,11.29
41900,CG5399,13.14,13.33,13.24,14.32,14.43,14.38
41921,cv-d,7.46,7.98,8.55,9.42,9.49,10.14
41938,Sap47,8.99,10.08,9.79,7.95,8.41,8.41
41944,srp,11.93,11.85,11.53,10.11,9.64,9.46
41945,GATAe,6.93,6.27,6.96,7.71,8.14,7.81
41949,CG10407,13.50,13.64,13.54,12.08,9.53,10.09
41962,CG6006,3.00,3.47,3.35,3.86,5.17,5.25
41975,Zip89B,2.61,2.26,3.13,3.53,4.44,3.75
41977,CG6901,3.83,3.94,4.55,2.81,2.80,3.11
41979,CG17930,5.87,6.13,6.61,8.79,8.47,9.92
41982,CG14879,10.59,10.75,10.34,11.65,11.63,11.86
42008,decay,8.89,8.85,9.46,11.76,11.83,11.86
42017,CG10345,7.16,6.84,6.72,5.44,5.17,6.06
42018,NPF,3.80,4.26,4.13,4.72,5.35,5.57
42022,CG17560,11.98,11.86,11.93,12.98,12.94,13.13
42030,CG14907,6.69,5.54,6.17,7.85,8.34,8.46
42030,CG14907,6.69,5.54,6.17,7.85,8.34,8.46
42050,CG8907,9.79,10.02,9.84,12.21,12.30,12.40
42054,CG4009,13.36,13.38,13.23,10.99,6.29,2.37
42068,CG31265,6.86,7.28,8.34,3.52,3.68,3.19
42069,CG17475,7.43,8.14,7.35,4.28,3.36,3.10
42071,CG31266,3.55,3.91,4.86,1.95,1.98,2.00
42122,AttD,2.17,2.13,2.33,11.05,11.42,11.27
42125,CG7523,11.02,11.08,11.17,12.05,12.25,12.15
42128,CG7655,6.76,7.21,7.23,7.79,8.19,8.24
42188,CG18598,5.63,5.84,5.71,4.36,4.57,3.80
42196,CG8064,10.15,9.41,9.41,8.45,8.60,8.57
42211,CG7675,11.53,11.83,12.27,10.47,10.62,9.65
42214,Vha100-4,7.22,6.65,6.70,4.83,4.73,4.72
42234,CG7695,6.90,7.56,7.84,8.24,8.83,8.62
42242,CG7702,7.24,6.41,8.18,10.44,10.36,10.95
42261,Rh2,8.79,9.03,8.40,9.63,10.04,9.98
42292,CG6040,5.49,5.20,5.78,2.84,3.59,2.89
42293,Cyp12a5,4.58,4.86,5.10,5.79,6.52,5.70
42313,Dl,10.54,10.63,10.73,9.51,8.95,9.74
42338,CG16727,2.12,2.23,3.31,5.37,4.03,5.41
42348,Naam,8.04,8.10,8.42,9.44,10.04,9.99
42351,CG6300,7.45,7.36,7.58,5.94,5.88,5.91
42354,CG11407,10.70,10.51,10.78,8.00,6.81,7.13
42355,CG11453,2.13,2.09,2.09,2.97,3.31,3.31
42356,bnl,2.61,2.67,3.01,4.04,5.21,4.12
42376,CG4462,5.92,6.24,6.54,3.71,3.70,3.62
42398,Rh3,5.56,5.71,5.15,6.30,6.93,6.81
42400,CG5023,12.22,12.24,12.43,11.13,10.78,10.50
42416,MtnC,11.15,11.16,11.29,8.44,6.78,7.90
42424,MtnB,11.88,11.71,12.47,9.34,5.19,5.34
42450,Cpr92F,9.10,9.25,9.78,4.16,2.33,2.36
42451,cg4000,11.39,11.41,11.39,7.69,3.93,3.09
42478,hdly,8.23,8.30,8.55,9.44,9.80,10.23
42478,hdly,8.23,8.30,8.55,9.44,9.80,10.23
42482,Alp5,4.30,4.10,6.34,2.09,2.09,2.06
42488,CG7079,9.19,10.10,9.91,8.75,8.64,8.42
42512,cDIP,4.03,3.73,4.87,10.21,9.81,10.72
42514,Snmp1,5.39,5.22,4.97,9.74,10.81,9.83
42518,Oga,9.77,9.65,9.70,8.62,8.82,8.49
42528,cg3301,5.83,5.79,6.73,4.44,3.64,4.21
42531,CG16791,5.38,5.00,5.22,6.62,6.88,7.16
42554,CG31176,4.99,5.02,5.60,6.82,6.70,6.30
42556,CG5849,2.39,2.64,2.84,4.82,5.31,7.26
42557,CG31233,11.97,11.92,12.41,9.19,8.12,8.08
42558,CG42335,2.86,2.59,3.08,9.87,10.03,10.50
42596,how,4.45,4.16,4.81,6.27,5.60,6.31
42598,CG5778,13.12,13.03,13.24,12.35,11.78,11.83
42606,CG7084,5.47,5.74,5.43,3.63,3.43,3.42
42614,rdhB,3.34,7.01,6.73,2.92,1.88,2.05
42628,CG13856,4.27,4.21,4.68,3.21,3.28,2.62
42638,CG34376,3.00,3.04,3.79,5.11,4.70,4.63
42653,CG5346,5.96,6.23,6.41,7.47,7.72,7.40
42654,CG33093,3.80,4.87,3.52,2.51,2.47,2.49
42655,CG5326,11.56,11.80,11.86,9.63,9.37,9.93
42682,Cyp6d4,6.85,6.49,7.54,8.15,9.07,8.74
42684,CG6972,8.05,7.72,8.23,9.22,10.01,9.32
42691,CG45049,5.03,6.04,5.78,7.29,7.34,7.55
42701,Nepl15,8.65,9.47,10.57,11.51,11.59,11.82
42708,CG6660,10.06,10.22,10.22,8.45,9.06,8.17
42723,CG17119,10.54,10.52,10.66,8.70,9.32,8.67
42730,CG17109,7.49,7.59,7.93,9.86,10.09,10.71
42731,CG6733,5.11,5.90,6.37,3.42,2.41,2.61
42737,hh,2.55,2.62,2.61,4.26,5.74,5.13
42770,Irk2,9.08,9.13,9.10,10.02,10.17,10.27
42775,CG16732,2.46,2.49,2.67,3.79,5.30,3.92
42787,GILT3,11.31,11.09,11.00,9.88,9.02,9.70
42796,Gba1a,3.23,3.91,7.34,12.93,12.58,12.95
42810,Lsd-1,11.94,12.40,12.52,11.02,10.79,11.02
42819,eIF4G2,5.48,7.31,6.96,8.66,8.43,8.89
42864,Npc2f,10.47,10.43,10.59,9.50,8.23,9.44
42879,CG17786,6.93,7.66,7.68,5.11,5.23,5.95
42901,CG6432,6.13,6.33,6.44,4.95,5.13,5.57
42924,CG13618,6.85,6.91,6.75,7.71,7.51,8.49
42925,CG6607,8.35,8.13,7.93,6.53,5.90,6.43
42929,Esyt2,9.56,10.10,10.03,11.20,11.63,11.34
42935,puf,7.07,7.52,7.37,5.83,5.84,5.52
42940,slo,4.00,4.61,4.68,3.07,2.68,2.93
42944,tok,10.09,10.14,10.57,11.29,11.34,11.59
42945,tld,1.89,1.89,1.89,4.04,2.82,4.70
42947,AstA,6.49,7.86,8.30,11.01,11.49,11.53
42968,CG7016,3.90,3.98,4.87,6.45,7.23,7.61
42969,CG13641,8.29,9.13,10.67,12.09,12.92,12.65
42976,CG11069,4.56,3.67,3.99,2.54,2.43,2.33
43014,Nepl16,4.98,6.03,6.07,6.59,7.08,7.22
43030,CG31103,6.62,7.81,7.42,6.20,6.08,6.33
43036,to,9.44,9.79,9.37,10.14,10.89,10.69
43047,CR13656,5.18,6.01,5.85,3.62,2.98,2.49
43050,CG11878,10.87,10.98,11.15,12.09,12.15,12.16
43051,CG10513,12.28,12.76,12.27,7.34,6.96,7.73
43052,CG10514,10.73,10.97,11.16,2.83,2.55,2.64
43053,CG11892,11.31,11.74,11.89,4.44,2.07,2.36
43056,CG11893,8.63,9.61,10.66,11.55,12.13,11.84
43059,CG13659,3.23,2.99,3.55,4.25,5.26,4.83
43060,CG31370,2.48,3.26,3.13,5.80,5.97,6.39
43062,CG31087,8.34,9.37,10.13,11.58,11.87,11.75
43063,CG10559,2.00,2.17,2.28,6.60,8.43,7.15
43064,CG10553,10.99,11.38,11.17,9.23,8.48,8.17
43065,CG10560,11.21,11.51,11.55,9.07,7.85,7.84
43066,CG10562,9.61,10.18,10.53,10.92,11.59,11.06
43067,CHKov1,7.07,6.92,8.04,9.60,9.46,10.21
43084,CG5107,12.45,12.50,12.26,8.22,3.88,2.95
43087,msi,10.10,9.83,9.82,8.86,8.58,9.03
43101,CG4743,5.30,5.69,5.90,3.92,4.69,4.42
43136,CG42235,8.16,8.97,8.46,7.28,6.40,7.80
43156,E(spl)m3-HLH,8.08,8.46,7.85,9.59,9.32,9.68
43165,Dak1,10.82,10.21,9.98,7.55,7.09,6.13
43230,SPARC,10.51,10.49,10.17,9.00,9.18,8.96
43243,CG14253,3.66,3.61,3.47,4.22,4.47,5.29
43246,CG6296,3.22,3.46,5.19,2.22,2.22,2.23
43247,CG6295,13.16,13.26,13.23,10.39,7.44,2.70
43248,CG17192,11.61,11.90,11.96,6.33,1.86,1.87
43249,CG17191,2.06,2.03,2.01,3.73,3.18,6.24
43251,CG6277,9.43,9.00,11.11,12.65,12.55,12.82
43252,CG6271,2.50,2.21,3.02,5.87,6.01,6.34
43259,Cpr97Eb,7.50,8.50,7.17,2.68,1.92,1.93
43261,CG14259,10.38,10.98,10.65,7.44,5.73,6.02
43263,CG17189,3.05,3.15,4.23,2.18,2.12,2.14
43264,CAH9,8.25,9.03,9.06,7.75,7.29,8.17
43305,Gr98a,2.43,2.47,2.42,3.60,4.52,3.52
43311,CG5646,8.15,7.75,8.22,9.32,9.98,9.45
43312,wdb,4.22,6.18,7.13,10.53,10.07,10.19
43316,CG5612,6.54,6.27,6.67,7.23,7.84,7.72
43323,Mlc1,13.57,13.86,13.81,12.64,12.10,12.07
43328,CG12880,8.48,8.12,8.63,5.25,4.45,4.86
43383,fkh,5.81,6.50,6.50,7.80,8.45,8.40
43390,Sid,4.52,3.62,5.61,9.03,9.21,10.17
43391,snu,11.84,11.76,11.74,10.70,10.60,10.59
43394,CG10000,2.19,2.34,2.18,7.39,7.46,8.48
43437,Pdhb,12.49,12.66,12.43,11.63,11.21,11.20
43463,CG11951,3.72,4.22,4.56,5.03,5.63,5.93
43475,CG2010,5.88,6.74,5.46,3.85,3.69,3.78
43479,CG7567,7.94,8.45,8.69,3.42,5.13,3.36
43488,Obp99a,11.20,10.68,12.22,8.24,8.72,9.96
43497,Obp99b,10.84,10.94,12.54,7.87,9.17,9.22
43528,Cad99C,9.03,9.24,9.44,5.62,5.26,4.91
43533,Zip99C,11.05,11.38,11.13,12.03,12.37,12.16
43538,CG15515,4.42,4.66,4.82,2.55,2.41,2.40
43545,Jon99Ci,13.30,13.31,13.55,11.73,5.85,2.49
43587,Mlc2,13.49,13.70,13.67,12.44,11.64,11.75
43591,CG9747,9.38,9.00,9.28,7.20,6.32,6.05
43593,CG9743,8.09,8.44,8.77,11.78,11.79,12.25
43598,CecB,1.73,1.71,3.71,8.88,9.52,8.77
43599,CecC,4.02,2.37,10.37,12.97,13.24,13.29
43602,CG9682,11.62,11.99,11.03,8.99,7.67,7.33
43603,CG18404,10.55,10.87,10.46,8.89,7.71,8.98
43607,CG2217,6.76,3.85,6.49,8.50,8.52,9.00
43612,CG15533,4.70,4.47,6.72,8.24,8.63,7.95
43613,CG15534,10.62,11.17,10.59,9.22,9.08,8.65
43640,PH4alphaPV,8.21,7.66,7.19,4.74,3.34,3.27
43649,Npc2h,8.11,9.20,9.47,9.94,10.27,10.84
43654,cindr,8.65,8.70,8.47,9.55,10.21,10.08
43654,cindr,8.65,8.70,8.47,9.55,10.21,10.08
43657,Cpr100A,10.91,11.52,11.27,6.25,3.49,3.08
43660,CG12071,3.31,3.17,3.24,5.76,5.14,6.86
43670,CanA1,7.61,7.22,6.70,5.40,5.45,5.28
43671,Aph-4,12.44,12.54,12.31,10.83,11.33,10.69
43678,CG11318,2.82,2.62,3.64,9.44,8.92,9.80
43688,mesh,9.51,9.48,9.87,12.77,12.73,12.57
43699,CG1750,8.13,8.03,8.67,6.31,6.38,6.72
43722,CG1774,9.04,8.89,9.04,7.93,7.42,7.33
43744,Smvt,10.76,10.75,10.35,9.36,9.53,9.93
43749,faf,9.24,8.70,8.83,7.76,8.08,7.89
43761,cg2003,10.15,9.88,9.66,8.81,8.90,8.61
43767,ci,10.25,10.18,9.84,8.94,8.76,9.01
43769,pan,2.46,2.47,2.46,3.03,4.03,3.61
43779,yellow-h,8.95,9.63,8.84,8.06,6.46,7.57
43780,CG1674,7.58,9.42,8.96,6.64,6.44,6.77
43780,CG1674,7.58,9.42,8.96,6.64,6.44,6.77
43789,Lin29,5.24,4.59,5.03,2.52,2.30,2.30
43796,Thd1,5.25,6.10,5.37,7.92,8.07,8.31
43800,cg1909,4.34,5.33,5.21,5.73,6.62,6.64
43814,bt,13.99,14.01,13.97,12.92,12.82,12.69
43856,nej,4.75,4.61,4.42,7.64,6.97,6.93
43982,Oamb,7.31,6.78,5.96,3.24,2.93,3.51
43991,Pten,10.12,10.15,10.13,9.08,8.74,9.17
43999,trbl,7.94,7.75,7.40,9.17,9.32,8.66
44013,sls,9.12,9.35,8.76,4.35,4.21,4.08
44013,sls,9.12,9.35,8.76,4.35,4.21,4.08
44018,cas,5.66,4.76,5.18,4.15,3.76,4.53
44058,Dot,3.53,3.65,3.68,5.16,5.73,5.61
44079,Ag5r2,9.37,9.54,10.16,5.11,2.44,1.97
44226,Xbp1,9.66,9.58,9.39,10.48,10.67,10.69
44324,Ms,9.31,9.55,9.22,10.74,11.06,10.90
44359,sda,11.41,11.45,11.41,12.39,12.58,12.68
44448,scrib,2.50,2.45,2.43,4.21,4.31,4.67
44505,br,8.81,7.89,8.90,5.59,5.00,4.90
44548,lola,5.34,4.76,5.22,6.84,6.85,6.83
44632,Cyp4e1,8.16,8.63,8.13,5.96,5.28,6.73
44855,rib,5.15,4.54,3.12,2.41,2.47,2.47
45039,Sox100B,3.01,2.97,2.79,5.38,5.77,7.04
45041,Spn43Aa,3.87,4.34,5.28,2.04,1.99,2.00
45320,trol,10.26,10.37,10.69,8.49,8.34,8.35
45382,ogre,9.04,10.27,10.50,8.33,7.91,8.18
45524,Cyp4p1,9.03,8.93,8.95,11.66,12.14,12.06
45574,ida,10.94,10.65,10.51,9.47,9.15,9.39
45880,ImpL3,6.28,6.07,6.33,8.84,9.58,9.16
45883,kar,12.06,11.95,11.97,9.69,9.60,9.58
45994,fs(1)M3,12.07,11.78,11.75,9.98,9.46,9.72
46017,l(2)01289,10.99,11.07,10.84,8.98,8.76,9.24
46017,l(2)01289,10.99,11.07,10.84,8.98,8.76,9.24
46027,kermit,9.62,9.41,9.29,10.65,10.76,10.56
47065,qsm,9.99,10.41,10.65,9.11,9.18,9.06
47091,comt,10.49,10.66,10.66,8.92,9.33,8.63
47408,Vps28,7.97,8.07,7.41,8.91,9.34,9.11
47611,Gpo-1,12.78,12.71,12.60,11.11,10.93,10.72
47895,Nmdmc,8.54,9.59,11.14,12.44,12.24,12.11
48335,GstD2,3.71,3.25,5.25,7.55,10.12,8.66
48338,GstD5,3.80,3.71,5.63,8.87,8.17,8.30
48632,Act87E,13.09,13.14,13.14,12.01,11.38,11.61
49080,epsilonTry,12.91,13.05,12.97,10.23,5.71,5.81
49090,RyR,11.19,10.26,10.59,7.53,7.13,6.96
49297,Ca-P60A,11.46,11.52,11.52,10.45,10.06,10.42
49297,SERCA,14.36,14.40,14.31,13.11,10.39,10.79
49297,Ca-P60A,11.46,11.52,11.52,10.45,10.06,10.42
49638,drm,2.83,3.13,3.42,6.02,5.91,6.28
49803,Spn55B,8.84,9.18,9.24,11.56,11.72,11.79
49805,Spn42Da,11.23,11.20,11.27,12.38,12.58,12.56
49808,Spn42Dd,4.86,4.20,5.75,7.47,7.47,7.64
49815,Cht4,3.92,4.46,8.80,12.06,11.87,12.54
50005,CG8369,11.85,11.99,12.21,13.21,13.25,13.24
50024,CG11686,5.29,3.89,4.67,8.18,8.47,8.60
50050,CG17278,9.25,9.67,10.00,10.97,11.17,10.89
50055,CG5791,8.74,6.75,9.22,4.89,3.52,3.43
50061,CG13841,4.68,5.35,4.83,5.87,7.28,6.70
50110,CG11458,12.77,13.23,12.89,10.32,2.63,2.86
50178,ND-B8,5.28,5.70,5.32,4.37,4.23,4.08
50191,CG15353,6.55,6.51,6.92,3.64,2.17,2.22
50196,CG5011,10.13,10.43,10.54,12.23,12.36,12.58
50203,CG15127,2.84,3.36,4.72,8.56,8.55,9.25
50206,CG15068,11.35,11.99,11.63,12.81,12.56,13.13
50207,CG15065,9.76,10.31,10.89,11.67,12.10,11.91
50208,CG16836,9.85,10.14,10.44,11.35,11.49,11.81
50281,BobA,4.38,4.14,4.65,2.58,2.52,2.55
50323,CG15210,10.68,10.56,10.63,12.72,12.96,12.91
50358,Diedel3,9.87,10.14,9.00,2.56,1.86,1.92
50432,Peritrophin-15b,3.90,3.02,4.13,8.84,8.96,9.18
50433,Peritrophin-15a,7.44,7.11,7.48,8.98,9.38,9.59
50442,CG14933,10.79,11.08,11.50,12.30,12.42,12.59
50458,CG4440,3.88,4.77,4.62,2.56,2.56,2.63
53444,SC35,5.87,5.01,5.44,3.74,3.47,3.65
53507,Ugt86Dd,8.57,8.59,9.27,10.76,10.37,10.91
53515,Myo28B1,3.95,3.82,4.69,6.41,7.09,6.70
53515,Myo28B1,3.95,3.82,4.69,6.41,7.09,6.70
53550,lectin-24Db,5.78,7.16,5.97,4.38,4.71,4.55
53564,retinin,10.94,11.61,11.41,7.06,2.59,2.63
53579,Dip3,2.60,2.31,2.21,3.60,3.60,3.59
59141,CG18745,2.06,1.99,2.05,5.51,6.23,6.37
59142,CG18746,2.53,2.62,2.50,4.63,5.24,5.94
59143,CG18747,2.66,2.66,2.55,3.93,4.00,4.42
59144,CG18748,3.52,4.66,6.25,8.20,8.84,8.64
59158,Cpr65Au,11.92,12.13,12.20,7.99,3.80,4.55
59217,CG18869,2.75,2.53,3.31,7.14,7.38,7.98
59235,Nplp3,12.52,13.01,13.07,10.08,2.21,2.27
59240,GstD10,5.30,6.21,8.13,9.62,10.23,9.61
117462,TotC,9.99,11.85,13.44,14.32,14.20,14.52
192535,CG32032,8.62,9.46,9.73,11.29,11.58,11.41
246398,CG30025,9.15,10.12,9.93,2.98,2.24,2.18
246398,CG30025,9.15,10.12,9.93,2.98,2.24,2.18
246399,CG30026,11.30,11.67,12.12,13.44,13.50,13.56
246404,deltaTry,2.89,3.22,4.38,11.63,12.49,12.18
246406,CG30033,4.41,5.13,4.95,3.64,3.53,4.02
246414,CG30047,4.42,4.93,3.27,2.49,2.55,2.44
246456,CG30098,2.11,2.14,2.22,9.25,9.64,11.05
246484,CG30151,9.80,10.43,10.72,11.27,11.41,11.35
246487,CG30154,4.13,5.11,5.04,5.62,6.16,6.21
246519,MFS1,5.74,6.60,4.56,1.85,1.87,1.88
246528,rap,6.12,6.60,6.55,7.61,7.79,7.77
246550,CG30340,7.20,7.07,7.04,5.90,5.78,6.16
246581,GstE9,8.43,8.81,9.30,10.09,10.14,10.50
246606,CG30424,9.12,9.18,9.33,11.74,11.91,11.90
246629,CG30466,6.47,6.22,5.80,7.66,7.42,7.68
261617,CG31777,5.19,4.91,4.92,6.69,6.05,6.39
261621,CG31706,2.15,2.71,2.99,4.19,5.20,4.90
261628,CG31469,1.85,1.85,1.84,3.08,4.38,3.35
261629,Unc-115a,9.88,9.81,9.72,10.71,10.92,10.93
317825,CG32021,4.65,4.61,4.90,8.38,8.48,8.46
317827,CG32023,5.16,5.03,5.55,8.47,9.42,9.07
317852,eap,7.34,7.07,7.73,5.35,5.40,5.31
317862,CG32115,4.40,4.66,5.64,6.29,6.85,7.73
317900,edin,2.29,2.29,4.99,10.77,9.30,10.81
317997,CG32368,9.77,10.07,10.97,14.04,14.24,14.19
318000,Ank2,3.28,3.02,3.11,4.87,4.83,4.87
318046,mthl14,7.82,8.56,8.79,11.53,11.54,11.88
318050,CG32483,6.81,7.58,8.44,1.98,1.96,1.97
318128,CG32625,10.25,9.81,9.66,9.46,8.55,8.54
318133,snmRNA:204,10.87,11.36,11.23,12.18,12.13,12.24
318137,CG32642,12.49,12.77,12.74,10.33,7.53,2.33
318139,Mur11Da,10.57,11.32,11.38,7.81,2.43,2.33
318160,CG32706,2.27,2.28,2.23,4.66,4.47,2.77
318583,CG31077,6.98,7.62,7.75,8.40,8.66,8.52
318587,scrib,2.50,2.45,2.43,4.21,4.31,4.67
318591,CG31091,3.71,2.84,4.74,2.24,2.22,2.23
318651,CG31267,7.86,8.27,8.14,5.98,6.06,5.75
318653,CG31269,4.00,6.09,6.36,2.23,2.20,2.24
318664,CG31288,8.70,8.63,8.32,6.53,6.00,5.76
318681,CG31321,6.84,7.57,7.39,2.68,2.36,2.63
318682,CG31086,6.99,7.99,9.23,11.23,11.26,11.21
318721,Gba1b,2.05,2.07,2.78,2.87,3.67,4.31
318725,Takl1,3.01,3.28,3.34,10.19,10.19,10.55
318734,CG31436,10.24,10.31,10.42,11.40,11.61,11.66
318794,CG31548,10.55,10.79,11.20,9.82,9.80,9.87
318843,CG43394,6.51,6.76,6.65,5.46,5.46,5.65
318846,His4,12.26,12.18,11.86,13.97,13.83,13.89
318847,His3,2.19,2.06,1.98,11.69,10.46,10.62
318847,His3,2.19,2.06,1.98,11.69,10.46,10.62
318857,CG33082,10.23,10.18,10.91,11.86,11.68,11.90
318872,CG34126,6.27,5.97,5.92,7.98,6.95,7.62
318882,CG31681,11.40,11.73,12.29,10.76,9.74,10.81
318884,CG31685,10.01,10.97,10.16,12.14,12.36,12.47
318885,CG4267,9.36,9.11,9.76,10.28,10.38,10.73
318893,CG33127,8.44,9.61,9.04,9.98,10.17,10.13
318906,CG31704,9.73,9.96,9.85,10.68,11.09,11.44
318910,CG43672,11.01,11.97,11.93,5.98,3.09,2.03
318913,CG33178,10.93,11.13,10.94,9.42,9.31,9.50
318914,mthl15,2.57,2.45,2.40,4.61,5.48,6.37
318914,mthl15,2.57,2.45,2.40,4.61,5.48,6.37
318934,CG31769,10.40,10.67,11.20,12.00,12.07,12.25
318954,CG31809,4.61,4.61,4.61,5.93,7.09,6.10
318954,CG31809,4.61,4.61,4.61,5.93,7.09,6.10
318970,CG31832,2.47,2.50,2.59,7.31,6.88,8.07
319012,CG31898,7.48,7.82,6.89,10.65,10.69,10.81
319013,CG43394,6.51,6.76,6.65,5.46,5.46,5.65
319014,Mur29B,10.46,10.87,11.13,13.76,13.85,13.89
319016,Acp1,11.41,11.51,11.39,5.21,2.45,2.49
319045,CG31955,10.67,11.12,10.77,11.96,12.13,11.97
319052,CG31975,2.20,2.44,2.21,3.13,4.14,2.95
326118,CG31102,4.96,4.30,4.52,5.62,5.99,5.95
326130,CG31272,10.51,10.20,10.16,11.61,12.37,11.59
326133,CG31343,13.10,13.26,12.98,11.45,11.44,10.97
326136,Npc2e,2.34,2.67,7.47,13.35,13.24,13.51
326151,pgant5,12.02,12.09,12.06,11.06,10.79,10.99
326160,ninaD,6.66,6.78,7.29,2.00,2.03,2.05
326174,CG31926,11.98,12.18,12.16,9.23,4.75,2.06
326175,CG31928,12.69,12.82,12.68,9.99,5.51,2.09
326185,CG32054,3.27,3.30,3.40,7.43,7.68,7.91
326211,CG32379,4.06,2.70,3.02,1.92,1.88,1.91
326235,Cubn,4.39,3.92,4.56,7.20,7.06,7.50
326257,CG33108,4.22,4.07,4.04,5.46,5.73,5.26
326273,His2B,11.60,11.31,11.07,13.26,12.99,13.07
326273,His2B,11.60,11.31,11.07,13.26,12.99,13.07
2768679,p38c,5.65,8.03,8.19,11.36,11.79,11.72
2768832,CG33469,3.23,3.42,4.32,8.33,8.68,8.58
2768833,CG33468,2.28,2.25,2.22,3.74,5.15,4.65
2768908,CG3857,9.96,9.81,9.89,11.51,12.06,11.79
2768914,CG33307,10.25,10.75,9.71,11.34,10.79,11.61
2768994,CG33493,6.37,6.21,6.71,8.18,7.51,8.95
3346141,CG33521,8.16,10.61,9.85,6.08,5.44,5.74
3346201,Unc-89,10.67,10.94,10.21,5.58,5.36,5.41
3346221,lectin-37Db,8.48,8.21,8.69,10.66,10.52,10.93
3346238,form3,6.94,7.22,7.37,5.76,6.40,5.91
3354922,CG40198,4.53,6.63,6.62,4.41,2.87,3.29
3354987,tyn,2.71,3.84,4.52,2.31,2.22,2.23
3354994,su(f),8.68,7.78,8.17,6.94,7.03,6.69
3354995,CG17169,10.06,10.49,10.39,5.62,3.05,2.99
3355028,CG40115,2.24,2.99,3.39,5.16,5.99,5.70
3355066,CG17684,5.79,6.66,6.65,8.06,8.43,8.61
3355102,Scp1,14.55,14.72,14.60,13.80,11.22,11.05
3355149,CG40298,7.67,8.50,8.29,4.17,3.26,3.58
3355151,scro,3.57,4.17,4.20,5.80,6.79,6.14
3355162,CG40486,5.71,5.44,4.95,3.12,3.00,3.33
3355171,FucTC,6.18,7.14,8.27,4.48,4.78,4.86
3771756,CG10097,9.66,9.63,10.12,3.01,2.30,2.31
3771779,Pex6,8.70,8.11,9.42,7.26,5.55,7.48
3771872,Hsp22,10.67,11.06,11.51,12.26,12.94,11.83
3771923,Kaz1-ORFB,9.18,9.70,9.05,10.56,11.06,11.13
3772566,Fuca,6.71,6.74,6.65,8.06,8.71,8.71
3885597,CG34005,2.84,2.75,3.23,6.96,6.56,8.26
3885601,CG34054,4.23,5.41,6.55,9.82,9.53,10.06
3885606,CG34043,8.96,9.62,10.59,11.10,11.39,11.29
3885611,NimB3,4.74,4.81,6.56,7.88,7.47,8.89
3885655,CG34040,3.15,5.96,4.52,7.98,8.44,7.91
3885655,CG34040,3.15,5.96,4.52,7.98,8.44,7.91
4379892,CG34136,4.75,4.97,6.65,10.09,9.26,9.83
4379909,BG642312,6.08,7.07,6.42,2.57,3.46,2.91
4379919,CG17698,7.49,8.31,8.13,9.77,9.77,10.00
5740183,CG34236,3.80,5.07,4.40,11.79,12.07,11.94
5740195,CG34232,7.67,7.78,7.86,10.82,11.12,11.18
5740215,CG13177,3.14,3.05,3.30,4.22,5.02,4.47
5740234,CG34284,9.70,9.98,10.66,11.02,11.22,11.11
5740252,Not1,2.22,2.11,2.34,4.23,4.26,3.84
5740271,Vml ,5.04,7.93,8.07,4.63,4.35,4.36
5740310,Nox,9.25,8.99,8.99,7.39,6.90,6.23
5740391,CG34176,5.56,4.70,6.23,9.35,9.74,9.83
5740481,CG34198,4.18,3.23,4.31,5.65,7.50,7.17
5740691,l(2)41Ab,2.49,2.66,2.58,3.87,4.10,3.98
5740746,CG34172,13.85,14.05,13.96,12.93,12.15,12.10
5740847,CG17636,3.15,3.31,2.31,4.61,5.23,4.82
7354376,tal-1A,10.01,10.29,10.30,8.79,8.57,8.86
7354424,CG42394,11.15,11.61,11.82,12.46,12.69,12.62
8674055,mgl,7.28,7.81,7.34,6.48,6.36,6.07
10178905,CG42826,11.79,11.77,12.05,14.04,14.12,14.19
19836006,CR45033,7.74,7.91,8.03,9.78,10.32,9.55
26067037,CG33939,8.20,8.44,8.06,4.85,5.38,4.97
